bytes,content-type,elapsed,endpoint,resource,status,entry-date,start-date,end-date
6822,application/json,0.657,67092daa83605658e5292546e90b2154ccd0048664c99d508dc67e9b1d8b60db,8debd9d0fb041f6912bb12491e971e63c21e9d9e4c74fab13d16763b957d3513,200,2021-06-23T11:29:36.275796,,
36794,application/json,0.434,9828e9c18cb0b6ad45610db880bc1e5e874ab179220da47e118ca0c9e07577ef,648f86533cc02f47dd5356f6b2c080cdde46c2b95e06722d84ba269fb0973619,200,2021-06-23T11:29:36.275796,,
6822,application/json,0.33,67092daa83605658e5292546e90b2154ccd0048664c99d508dc67e9b1d8b60db,8debd9d0fb041f6912bb12491e971e63c21e9d9e4c74fab13d16763b957d3513,200,2021-06-24T00:55:37.355161,,
36794,application/json,0.557,9828e9c18cb0b6ad45610db880bc1e5e874ab179220da47e118ca0c9e07577ef,648f86533cc02f47dd5356f6b2c080cdde46c2b95e06722d84ba269fb0973619,200,2021-06-24T00:55:37.355161,,
6822,application/json,0.383,67092daa83605658e5292546e90b2154ccd0048664c99d508dc67e9b1d8b60db,8debd9d0fb041f6912bb12491e971e63c21e9d9e4c74fab13d16763b957d3513,200,2021-06-25T01:14:15.611128,,
36794,application/json,0.353,9828e9c18cb0b6ad45610db880bc1e5e874ab179220da47e118ca0c9e07577ef,648f86533cc02f47dd5356f6b2c080cdde46c2b95e06722d84ba269fb0973619,200,2021-06-25T01:14:15.611128,,
6822,application/json,0.71,67092daa83605658e5292546e90b2154ccd0048664c99d508dc67e9b1d8b60db,8debd9d0fb041f6912bb12491e971e63c21e9d9e4c74fab13d16763b957d3513,200,2021-06-26T01:06:32.264287,,
36794,application/json,0.295,9828e9c18cb0b6ad45610db880bc1e5e874ab179220da47e118ca0c9e07577ef,648f86533cc02f47dd5356f6b2c080cdde46c2b95e06722d84ba269fb0973619,200,2021-06-26T01:06:32.264287,,
6822,application/json,0.329,67092daa83605658e5292546e90b2154ccd0048664c99d508dc67e9b1d8b60db,8debd9d0fb041f6912bb12491e971e63c21e9d9e4c74fab13d16763b957d3513,200,2021-06-27T01:16:16.275701,,
36794,application/json,0.36,9828e9c18cb0b6ad45610db880bc1e5e874ab179220da47e118ca0c9e07577ef,648f86533cc02f47dd5356f6b2c080cdde46c2b95e06722d84ba269fb0973619,200,2021-06-27T01:16:16.275701,,
6822,application/json,0.536,67092daa83605658e5292546e90b2154ccd0048664c99d508dc67e9b1d8b60db,8debd9d0fb041f6912bb12491e971e63c21e9d9e4c74fab13d16763b957d3513,200,2021-06-28T01:10:10.925844,,
36794,application/json,0.339,9828e9c18cb0b6ad45610db880bc1e5e874ab179220da47e118ca0c9e07577ef,648f86533cc02f47dd5356f6b2c080cdde46c2b95e06722d84ba269fb0973619,200,2021-06-28T01:10:10.925844,,
6822,application/json,0.408,67092daa83605658e5292546e90b2154ccd0048664c99d508dc67e9b1d8b60db,8debd9d0fb041f6912bb12491e971e63c21e9d9e4c74fab13d16763b957d3513,200,2021-06-29T01:07:12.081700,,
36794,application/json,0.26,9828e9c18cb0b6ad45610db880bc1e5e874ab179220da47e118ca0c9e07577ef,648f86533cc02f47dd5356f6b2c080cdde46c2b95e06722d84ba269fb0973619,200,2021-06-29T01:07:12.081700,,
6822,application/json,0.337,67092daa83605658e5292546e90b2154ccd0048664c99d508dc67e9b1d8b60db,8debd9d0fb041f6912bb12491e971e63c21e9d9e4c74fab13d16763b957d3513,200,2021-06-30T01:11:55.060836,,
36794,application/json,0.297,9828e9c18cb0b6ad45610db880bc1e5e874ab179220da47e118ca0c9e07577ef,648f86533cc02f47dd5356f6b2c080cdde46c2b95e06722d84ba269fb0973619,200,2021-06-30T01:11:55.060836,,
6822,application/json,0.361,67092daa83605658e5292546e90b2154ccd0048664c99d508dc67e9b1d8b60db,8debd9d0fb041f6912bb12491e971e63c21e9d9e4c74fab13d16763b957d3513,200,2021-07-01T01:12:08.374100,,
36794,application/json,0.304,9828e9c18cb0b6ad45610db880bc1e5e874ab179220da47e118ca0c9e07577ef,648f86533cc02f47dd5356f6b2c080cdde46c2b95e06722d84ba269fb0973619,200,2021-07-01T01:12:08.374100,,
6822,application/json,0.497,67092daa83605658e5292546e90b2154ccd0048664c99d508dc67e9b1d8b60db,8debd9d0fb041f6912bb12491e971e63c21e9d9e4c74fab13d16763b957d3513,200,2021-07-02T01:09:21.420339,,
36794,application/json,0.315,9828e9c18cb0b6ad45610db880bc1e5e874ab179220da47e118ca0c9e07577ef,648f86533cc02f47dd5356f6b2c080cdde46c2b95e06722d84ba269fb0973619,200,2021-07-02T01:09:21.420339,,
6822,application/json,0.722,67092daa83605658e5292546e90b2154ccd0048664c99d508dc67e9b1d8b60db,8debd9d0fb041f6912bb12491e971e63c21e9d9e4c74fab13d16763b957d3513,200,2021-07-03T01:07:29.369754,,
36794,application/json,0.489,9828e9c18cb0b6ad45610db880bc1e5e874ab179220da47e118ca0c9e07577ef,648f86533cc02f47dd5356f6b2c080cdde46c2b95e06722d84ba269fb0973619,200,2021-07-03T01:07:29.369754,,
6822,application/json,0.731,67092daa83605658e5292546e90b2154ccd0048664c99d508dc67e9b1d8b60db,8debd9d0fb041f6912bb12491e971e63c21e9d9e4c74fab13d16763b957d3513,200,2021-07-04T01:10:57.010469,,
36794,application/json,0.435,9828e9c18cb0b6ad45610db880bc1e5e874ab179220da47e118ca0c9e07577ef,648f86533cc02f47dd5356f6b2c080cdde46c2b95e06722d84ba269fb0973619,200,2021-07-04T01:10:57.010469,,
6822,application/json,0.676,67092daa83605658e5292546e90b2154ccd0048664c99d508dc67e9b1d8b60db,8debd9d0fb041f6912bb12491e971e63c21e9d9e4c74fab13d16763b957d3513,200,2021-07-05T01:07:40.395789,,
36794,application/json,0.434,9828e9c18cb0b6ad45610db880bc1e5e874ab179220da47e118ca0c9e07577ef,648f86533cc02f47dd5356f6b2c080cdde46c2b95e06722d84ba269fb0973619,200,2021-07-05T01:07:40.395789,,
6822,application/json,0.403,67092daa83605658e5292546e90b2154ccd0048664c99d508dc67e9b1d8b60db,8debd9d0fb041f6912bb12491e971e63c21e9d9e4c74fab13d16763b957d3513,200,2021-07-06T01:12:23.746637,,
36794,application/json,0.39,9828e9c18cb0b6ad45610db880bc1e5e874ab179220da47e118ca0c9e07577ef,648f86533cc02f47dd5356f6b2c080cdde46c2b95e06722d84ba269fb0973619,200,2021-07-06T01:12:23.746637,,
6822,application/json,0.737,67092daa83605658e5292546e90b2154ccd0048664c99d508dc67e9b1d8b60db,8debd9d0fb041f6912bb12491e971e63c21e9d9e4c74fab13d16763b957d3513,200,2021-07-07T01:12:15.733639,,
36794,application/json,0.466,9828e9c18cb0b6ad45610db880bc1e5e874ab179220da47e118ca0c9e07577ef,648f86533cc02f47dd5356f6b2c080cdde46c2b95e06722d84ba269fb0973619,200,2021-07-07T01:12:15.733639,,
6822,application/json,0.397,67092daa83605658e5292546e90b2154ccd0048664c99d508dc67e9b1d8b60db,8debd9d0fb041f6912bb12491e971e63c21e9d9e4c74fab13d16763b957d3513,200,2021-07-08T01:08:19.564450,,
36794,application/json,0.324,9828e9c18cb0b6ad45610db880bc1e5e874ab179220da47e118ca0c9e07577ef,648f86533cc02f47dd5356f6b2c080cdde46c2b95e06722d84ba269fb0973619,200,2021-07-08T01:08:19.564450,,
6822,application/json,0.409,67092daa83605658e5292546e90b2154ccd0048664c99d508dc67e9b1d8b60db,8debd9d0fb041f6912bb12491e971e63c21e9d9e4c74fab13d16763b957d3513,200,2021-07-09T01:09:46.970984,,
36794,application/json,0.287,9828e9c18cb0b6ad45610db880bc1e5e874ab179220da47e118ca0c9e07577ef,648f86533cc02f47dd5356f6b2c080cdde46c2b95e06722d84ba269fb0973619,200,2021-07-09T01:09:46.970984,,
6822,application/json,0.414,67092daa83605658e5292546e90b2154ccd0048664c99d508dc67e9b1d8b60db,8debd9d0fb041f6912bb12491e971e63c21e9d9e4c74fab13d16763b957d3513,200,2021-07-10T01:07:15.079776,,
36794,application/json,0.371,9828e9c18cb0b6ad45610db880bc1e5e874ab179220da47e118ca0c9e07577ef,648f86533cc02f47dd5356f6b2c080cdde46c2b95e06722d84ba269fb0973619,200,2021-07-10T01:07:15.079776,,
6822,application/json,0.648,67092daa83605658e5292546e90b2154ccd0048664c99d508dc67e9b1d8b60db,8debd9d0fb041f6912bb12491e971e63c21e9d9e4c74fab13d16763b957d3513,200,2021-07-11T01:14:44.360490,,
36794,application/json,0.568,9828e9c18cb0b6ad45610db880bc1e5e874ab179220da47e118ca0c9e07577ef,648f86533cc02f47dd5356f6b2c080cdde46c2b95e06722d84ba269fb0973619,200,2021-07-11T01:14:44.360490,,
6822,application/json,0.437,67092daa83605658e5292546e90b2154ccd0048664c99d508dc67e9b1d8b60db,8debd9d0fb041f6912bb12491e971e63c21e9d9e4c74fab13d16763b957d3513,200,2021-07-12T01:08:52.239732,,
36794,application/json,0.319,9828e9c18cb0b6ad45610db880bc1e5e874ab179220da47e118ca0c9e07577ef,648f86533cc02f47dd5356f6b2c080cdde46c2b95e06722d84ba269fb0973619,200,2021-07-12T01:08:52.239732,,
6822,application/json,0.397,67092daa83605658e5292546e90b2154ccd0048664c99d508dc67e9b1d8b60db,8debd9d0fb041f6912bb12491e971e63c21e9d9e4c74fab13d16763b957d3513,200,2021-07-13T01:11:27.857623,,
36794,application/json,0.363,9828e9c18cb0b6ad45610db880bc1e5e874ab179220da47e118ca0c9e07577ef,648f86533cc02f47dd5356f6b2c080cdde46c2b95e06722d84ba269fb0973619,200,2021-07-13T01:11:27.857623,,
6822,application/json,0.644,67092daa83605658e5292546e90b2154ccd0048664c99d508dc67e9b1d8b60db,8debd9d0fb041f6912bb12491e971e63c21e9d9e4c74fab13d16763b957d3513,200,2021-07-14T01:06:02.801999,,
36794,application/json,0.482,9828e9c18cb0b6ad45610db880bc1e5e874ab179220da47e118ca0c9e07577ef,648f86533cc02f47dd5356f6b2c080cdde46c2b95e06722d84ba269fb0973619,200,2021-07-14T01:06:02.801999,,
6822,application/json,0.486,67092daa83605658e5292546e90b2154ccd0048664c99d508dc67e9b1d8b60db,8debd9d0fb041f6912bb12491e971e63c21e9d9e4c74fab13d16763b957d3513,200,2021-07-15T01:10:40.969018,,
36794,application/json,0.352,9828e9c18cb0b6ad45610db880bc1e5e874ab179220da47e118ca0c9e07577ef,648f86533cc02f47dd5356f6b2c080cdde46c2b95e06722d84ba269fb0973619,200,2021-07-15T01:10:40.969018,,
6822,application/json,0.496,67092daa83605658e5292546e90b2154ccd0048664c99d508dc67e9b1d8b60db,8debd9d0fb041f6912bb12491e971e63c21e9d9e4c74fab13d16763b957d3513,200,2021-07-16T01:09:48.573191,,
36794,application/json,0.328,9828e9c18cb0b6ad45610db880bc1e5e874ab179220da47e118ca0c9e07577ef,648f86533cc02f47dd5356f6b2c080cdde46c2b95e06722d84ba269fb0973619,200,2021-07-16T01:09:48.573191,,
6822,application/json,0.402,67092daa83605658e5292546e90b2154ccd0048664c99d508dc67e9b1d8b60db,8debd9d0fb041f6912bb12491e971e63c21e9d9e4c74fab13d16763b957d3513,200,2021-07-17T01:06:49.535915,,
36794,application/json,0.359,9828e9c18cb0b6ad45610db880bc1e5e874ab179220da47e118ca0c9e07577ef,648f86533cc02f47dd5356f6b2c080cdde46c2b95e06722d84ba269fb0973619,200,2021-07-17T01:06:49.535915,,
6822,application/json,0.614,67092daa83605658e5292546e90b2154ccd0048664c99d508dc67e9b1d8b60db,8debd9d0fb041f6912bb12491e971e63c21e9d9e4c74fab13d16763b957d3513,200,2021-07-18T01:12:14.473157,,
36794,application/json,0.461,9828e9c18cb0b6ad45610db880bc1e5e874ab179220da47e118ca0c9e07577ef,648f86533cc02f47dd5356f6b2c080cdde46c2b95e06722d84ba269fb0973619,200,2021-07-18T01:12:14.473157,,
6822,application/json,0.68,67092daa83605658e5292546e90b2154ccd0048664c99d508dc67e9b1d8b60db,8debd9d0fb041f6912bb12491e971e63c21e9d9e4c74fab13d16763b957d3513,200,2021-07-19T01:09:24.680935,,
36794,application/json,0.482,9828e9c18cb0b6ad45610db880bc1e5e874ab179220da47e118ca0c9e07577ef,648f86533cc02f47dd5356f6b2c080cdde46c2b95e06722d84ba269fb0973619,200,2021-07-19T01:09:24.680935,,
6822,application/json,0.745,67092daa83605658e5292546e90b2154ccd0048664c99d508dc67e9b1d8b60db,8debd9d0fb041f6912bb12491e971e63c21e9d9e4c74fab13d16763b957d3513,200,2021-07-20T01:14:35.459342,,
36794,application/json,0.491,9828e9c18cb0b6ad45610db880bc1e5e874ab179220da47e118ca0c9e07577ef,648f86533cc02f47dd5356f6b2c080cdde46c2b95e06722d84ba269fb0973619,200,2021-07-20T01:14:35.459342,,
6822,application/json,0.429,67092daa83605658e5292546e90b2154ccd0048664c99d508dc67e9b1d8b60db,8debd9d0fb041f6912bb12491e971e63c21e9d9e4c74fab13d16763b957d3513,200,2021-07-21T01:12:14.072088,,
36794,application/json,0.343,9828e9c18cb0b6ad45610db880bc1e5e874ab179220da47e118ca0c9e07577ef,648f86533cc02f47dd5356f6b2c080cdde46c2b95e06722d84ba269fb0973619,200,2021-07-21T01:12:14.072088,,
6822,application/json,0.359,67092daa83605658e5292546e90b2154ccd0048664c99d508dc67e9b1d8b60db,8debd9d0fb041f6912bb12491e971e63c21e9d9e4c74fab13d16763b957d3513,200,2021-07-22T01:11:10.091465,,
36794,application/json,0.334,9828e9c18cb0b6ad45610db880bc1e5e874ab179220da47e118ca0c9e07577ef,648f86533cc02f47dd5356f6b2c080cdde46c2b95e06722d84ba269fb0973619,200,2021-07-22T01:11:10.091465,,
6822,application/json,0.382,67092daa83605658e5292546e90b2154ccd0048664c99d508dc67e9b1d8b60db,8debd9d0fb041f6912bb12491e971e63c21e9d9e4c74fab13d16763b957d3513,200,2021-07-23T01:09:30.921058,,
36794,application/json,0.374,9828e9c18cb0b6ad45610db880bc1e5e874ab179220da47e118ca0c9e07577ef,648f86533cc02f47dd5356f6b2c080cdde46c2b95e06722d84ba269fb0973619,200,2021-07-23T01:09:30.921058,,
6822,application/json,0.631,67092daa83605658e5292546e90b2154ccd0048664c99d508dc67e9b1d8b60db,8debd9d0fb041f6912bb12491e971e63c21e9d9e4c74fab13d16763b957d3513,200,2021-07-24T01:09:57.010143,,
36794,application/json,0.451,9828e9c18cb0b6ad45610db880bc1e5e874ab179220da47e118ca0c9e07577ef,648f86533cc02f47dd5356f6b2c080cdde46c2b95e06722d84ba269fb0973619,200,2021-07-24T01:09:57.010143,,
6822,application/json,0.401,67092daa83605658e5292546e90b2154ccd0048664c99d508dc67e9b1d8b60db,8debd9d0fb041f6912bb12491e971e63c21e9d9e4c74fab13d16763b957d3513,200,2021-07-25T01:10:55.342256,,
36794,application/json,0.296,9828e9c18cb0b6ad45610db880bc1e5e874ab179220da47e118ca0c9e07577ef,648f86533cc02f47dd5356f6b2c080cdde46c2b95e06722d84ba269fb0973619,200,2021-07-25T01:10:55.342256,,
6822,application/json,0.369,67092daa83605658e5292546e90b2154ccd0048664c99d508dc67e9b1d8b60db,8debd9d0fb041f6912bb12491e971e63c21e9d9e4c74fab13d16763b957d3513,200,2021-07-26T01:09:40.395716,,
36794,application/json,0.335,9828e9c18cb0b6ad45610db880bc1e5e874ab179220da47e118ca0c9e07577ef,648f86533cc02f47dd5356f6b2c080cdde46c2b95e06722d84ba269fb0973619,200,2021-07-26T01:09:40.395716,,
6822,application/json,0.619,67092daa83605658e5292546e90b2154ccd0048664c99d508dc67e9b1d8b60db,8debd9d0fb041f6912bb12491e971e63c21e9d9e4c74fab13d16763b957d3513,200,2021-07-27T01:11:42.227476,,
36794,application/json,0.453,9828e9c18cb0b6ad45610db880bc1e5e874ab179220da47e118ca0c9e07577ef,648f86533cc02f47dd5356f6b2c080cdde46c2b95e06722d84ba269fb0973619,200,2021-07-27T01:11:42.227476,,
6822,application/json,0.609,67092daa83605658e5292546e90b2154ccd0048664c99d508dc67e9b1d8b60db,8debd9d0fb041f6912bb12491e971e63c21e9d9e4c74fab13d16763b957d3513,200,2021-07-28T01:13:00.520053,,
36794,application/json,0.496,9828e9c18cb0b6ad45610db880bc1e5e874ab179220da47e118ca0c9e07577ef,648f86533cc02f47dd5356f6b2c080cdde46c2b95e06722d84ba269fb0973619,200,2021-07-28T01:13:00.520053,,
6822,application/json,0.462,67092daa83605658e5292546e90b2154ccd0048664c99d508dc67e9b1d8b60db,8debd9d0fb041f6912bb12491e971e63c21e9d9e4c74fab13d16763b957d3513,200,2021-07-29T01:10:01.786269,,
36794,application/json,0.388,9828e9c18cb0b6ad45610db880bc1e5e874ab179220da47e118ca0c9e07577ef,648f86533cc02f47dd5356f6b2c080cdde46c2b95e06722d84ba269fb0973619,200,2021-07-29T01:10:01.786269,,
6822,application/json,0.456,67092daa83605658e5292546e90b2154ccd0048664c99d508dc67e9b1d8b60db,8debd9d0fb041f6912bb12491e971e63c21e9d9e4c74fab13d16763b957d3513,200,2021-07-30T01:12:26.894718,,
36794,application/json,0.34,9828e9c18cb0b6ad45610db880bc1e5e874ab179220da47e118ca0c9e07577ef,648f86533cc02f47dd5356f6b2c080cdde46c2b95e06722d84ba269fb0973619,200,2021-07-30T01:12:26.894718,,
6822,application/json,0.414,67092daa83605658e5292546e90b2154ccd0048664c99d508dc67e9b1d8b60db,8debd9d0fb041f6912bb12491e971e63c21e9d9e4c74fab13d16763b957d3513,200,2021-07-31T01:08:36.826026,,
36794,application/json,0.292,9828e9c18cb0b6ad45610db880bc1e5e874ab179220da47e118ca0c9e07577ef,648f86533cc02f47dd5356f6b2c080cdde46c2b95e06722d84ba269fb0973619,200,2021-07-31T01:08:36.826026,,
6822,application/json,0.387,67092daa83605658e5292546e90b2154ccd0048664c99d508dc67e9b1d8b60db,8debd9d0fb041f6912bb12491e971e63c21e9d9e4c74fab13d16763b957d3513,200,2021-08-01T01:18:06.361959,,
36794,application/json,0.314,9828e9c18cb0b6ad45610db880bc1e5e874ab179220da47e118ca0c9e07577ef,648f86533cc02f47dd5356f6b2c080cdde46c2b95e06722d84ba269fb0973619,200,2021-08-01T01:18:06.361959,,
6822,application/json,0.672,67092daa83605658e5292546e90b2154ccd0048664c99d508dc67e9b1d8b60db,8debd9d0fb041f6912bb12491e971e63c21e9d9e4c74fab13d16763b957d3513,200,2021-08-02T01:10:12.807020,,
36794,application/json,0.394,9828e9c18cb0b6ad45610db880bc1e5e874ab179220da47e118ca0c9e07577ef,648f86533cc02f47dd5356f6b2c080cdde46c2b95e06722d84ba269fb0973619,200,2021-08-02T01:10:12.807020,,
6822,application/json,0.368,67092daa83605658e5292546e90b2154ccd0048664c99d508dc67e9b1d8b60db,8debd9d0fb041f6912bb12491e971e63c21e9d9e4c74fab13d16763b957d3513,200,2021-08-03T01:13:28.139415,,
36794,application/json,0.355,9828e9c18cb0b6ad45610db880bc1e5e874ab179220da47e118ca0c9e07577ef,648f86533cc02f47dd5356f6b2c080cdde46c2b95e06722d84ba269fb0973619,200,2021-08-03T01:13:28.139415,,
6822,application/json,0.603,67092daa83605658e5292546e90b2154ccd0048664c99d508dc67e9b1d8b60db,8debd9d0fb041f6912bb12491e971e63c21e9d9e4c74fab13d16763b957d3513,200,2021-08-04T01:09:28.030703,,
36794,application/json,0.463,9828e9c18cb0b6ad45610db880bc1e5e874ab179220da47e118ca0c9e07577ef,648f86533cc02f47dd5356f6b2c080cdde46c2b95e06722d84ba269fb0973619,200,2021-08-04T01:09:28.030703,,
6822,application/json,0.359,67092daa83605658e5292546e90b2154ccd0048664c99d508dc67e9b1d8b60db,8debd9d0fb041f6912bb12491e971e63c21e9d9e4c74fab13d16763b957d3513,200,2021-08-05T01:09:41.349100,,
36794,application/json,0.364,9828e9c18cb0b6ad45610db880bc1e5e874ab179220da47e118ca0c9e07577ef,648f86533cc02f47dd5356f6b2c080cdde46c2b95e06722d84ba269fb0973619,200,2021-08-05T01:09:41.349100,,
6822,application/json,0.382,67092daa83605658e5292546e90b2154ccd0048664c99d508dc67e9b1d8b60db,8debd9d0fb041f6912bb12491e971e63c21e9d9e4c74fab13d16763b957d3513,200,2021-08-06T01:12:06.012285,,
36794,application/json,0.43,9828e9c18cb0b6ad45610db880bc1e5e874ab179220da47e118ca0c9e07577ef,648f86533cc02f47dd5356f6b2c080cdde46c2b95e06722d84ba269fb0973619,200,2021-08-06T01:12:06.012285,,
6822,application/json,0.345,67092daa83605658e5292546e90b2154ccd0048664c99d508dc67e9b1d8b60db,8debd9d0fb041f6912bb12491e971e63c21e9d9e4c74fab13d16763b957d3513,200,2021-08-07T01:03:23.984228,,
36794,application/json,0.306,9828e9c18cb0b6ad45610db880bc1e5e874ab179220da47e118ca0c9e07577ef,648f86533cc02f47dd5356f6b2c080cdde46c2b95e06722d84ba269fb0973619,200,2021-08-07T01:03:23.984228,,
6822,application/json,0.358,67092daa83605658e5292546e90b2154ccd0048664c99d508dc67e9b1d8b60db,8debd9d0fb041f6912bb12491e971e63c21e9d9e4c74fab13d16763b957d3513,200,2021-08-08T01:10:06.288282,,
36794,application/json,0.444,9828e9c18cb0b6ad45610db880bc1e5e874ab179220da47e118ca0c9e07577ef,648f86533cc02f47dd5356f6b2c080cdde46c2b95e06722d84ba269fb0973619,200,2021-08-08T01:10:06.288282,,
6822,application/json,0.386,67092daa83605658e5292546e90b2154ccd0048664c99d508dc67e9b1d8b60db,8debd9d0fb041f6912bb12491e971e63c21e9d9e4c74fab13d16763b957d3513,200,2021-08-09T01:09:09.533693,,
36794,application/json,0.306,9828e9c18cb0b6ad45610db880bc1e5e874ab179220da47e118ca0c9e07577ef,648f86533cc02f47dd5356f6b2c080cdde46c2b95e06722d84ba269fb0973619,200,2021-08-09T01:09:09.533693,,
6822,application/json,0.641,67092daa83605658e5292546e90b2154ccd0048664c99d508dc67e9b1d8b60db,8debd9d0fb041f6912bb12491e971e63c21e9d9e4c74fab13d16763b957d3513,200,2021-08-10T01:11:09.927150,,
36794,application/json,0.456,9828e9c18cb0b6ad45610db880bc1e5e874ab179220da47e118ca0c9e07577ef,648f86533cc02f47dd5356f6b2c080cdde46c2b95e06722d84ba269fb0973619,200,2021-08-10T01:11:09.927150,,
6822,application/json,0.417,67092daa83605658e5292546e90b2154ccd0048664c99d508dc67e9b1d8b60db,8debd9d0fb041f6912bb12491e971e63c21e9d9e4c74fab13d16763b957d3513,200,2021-08-11T01:09:20.290211,,
36794,application/json,0.376,9828e9c18cb0b6ad45610db880bc1e5e874ab179220da47e118ca0c9e07577ef,648f86533cc02f47dd5356f6b2c080cdde46c2b95e06722d84ba269fb0973619,200,2021-08-11T01:09:20.290211,,
6822,application/json,0.376,67092daa83605658e5292546e90b2154ccd0048664c99d508dc67e9b1d8b60db,8debd9d0fb041f6912bb12491e971e63c21e9d9e4c74fab13d16763b957d3513,200,2021-08-12T01:07:56.540929,,
36794,application/json,0.345,9828e9c18cb0b6ad45610db880bc1e5e874ab179220da47e118ca0c9e07577ef,648f86533cc02f47dd5356f6b2c080cdde46c2b95e06722d84ba269fb0973619,200,2021-08-12T01:07:56.540929,,
6822,application/json,0.801,67092daa83605658e5292546e90b2154ccd0048664c99d508dc67e9b1d8b60db,8debd9d0fb041f6912bb12491e971e63c21e9d9e4c74fab13d16763b957d3513,200,2021-08-13T01:08:59.613968,,
36794,application/json,0.536,9828e9c18cb0b6ad45610db880bc1e5e874ab179220da47e118ca0c9e07577ef,648f86533cc02f47dd5356f6b2c080cdde46c2b95e06722d84ba269fb0973619,200,2021-08-13T01:08:59.613968,,
6822,application/json,0.562,67092daa83605658e5292546e90b2154ccd0048664c99d508dc67e9b1d8b60db,8debd9d0fb041f6912bb12491e971e63c21e9d9e4c74fab13d16763b957d3513,200,2021-08-14T01:03:45.613900,,
36794,application/json,0.427,9828e9c18cb0b6ad45610db880bc1e5e874ab179220da47e118ca0c9e07577ef,648f86533cc02f47dd5356f6b2c080cdde46c2b95e06722d84ba269fb0973619,200,2021-08-14T01:03:45.613900,,
6822,application/json,0.431,67092daa83605658e5292546e90b2154ccd0048664c99d508dc67e9b1d8b60db,8debd9d0fb041f6912bb12491e971e63c21e9d9e4c74fab13d16763b957d3513,200,2021-08-15T01:08:50.933785,,
36794,application/json,0.335,9828e9c18cb0b6ad45610db880bc1e5e874ab179220da47e118ca0c9e07577ef,648f86533cc02f47dd5356f6b2c080cdde46c2b95e06722d84ba269fb0973619,200,2021-08-15T01:08:50.933785,,
6822,application/json,0.376,67092daa83605658e5292546e90b2154ccd0048664c99d508dc67e9b1d8b60db,8debd9d0fb041f6912bb12491e971e63c21e9d9e4c74fab13d16763b957d3513,200,2021-08-16T01:07:21.389538,,
36794,application/json,0.326,9828e9c18cb0b6ad45610db880bc1e5e874ab179220da47e118ca0c9e07577ef,648f86533cc02f47dd5356f6b2c080cdde46c2b95e06722d84ba269fb0973619,200,2021-08-16T01:07:21.389538,,
6822,application/json,0.472,67092daa83605658e5292546e90b2154ccd0048664c99d508dc67e9b1d8b60db,8debd9d0fb041f6912bb12491e971e63c21e9d9e4c74fab13d16763b957d3513,200,2021-08-17T01:06:26.218069,,
36794,application/json,0.396,9828e9c18cb0b6ad45610db880bc1e5e874ab179220da47e118ca0c9e07577ef,648f86533cc02f47dd5356f6b2c080cdde46c2b95e06722d84ba269fb0973619,200,2021-08-17T01:06:26.218069,,
6822,application/json,0.635,67092daa83605658e5292546e90b2154ccd0048664c99d508dc67e9b1d8b60db,8debd9d0fb041f6912bb12491e971e63c21e9d9e4c74fab13d16763b957d3513,200,2021-08-18T01:08:31.852068,,
36794,application/json,0.509,9828e9c18cb0b6ad45610db880bc1e5e874ab179220da47e118ca0c9e07577ef,648f86533cc02f47dd5356f6b2c080cdde46c2b95e06722d84ba269fb0973619,200,2021-08-18T01:08:31.852068,,
6822,application/json,0.638,67092daa83605658e5292546e90b2154ccd0048664c99d508dc67e9b1d8b60db,8debd9d0fb041f6912bb12491e971e63c21e9d9e4c74fab13d16763b957d3513,200,2021-08-19T01:01:11.853272,,
36794,application/json,0.491,9828e9c18cb0b6ad45610db880bc1e5e874ab179220da47e118ca0c9e07577ef,648f86533cc02f47dd5356f6b2c080cdde46c2b95e06722d84ba269fb0973619,200,2021-08-19T01:01:11.853272,,
6822,application/json,0.432,67092daa83605658e5292546e90b2154ccd0048664c99d508dc67e9b1d8b60db,8debd9d0fb041f6912bb12491e971e63c21e9d9e4c74fab13d16763b957d3513,200,2021-08-20T01:05:41.144005,,
36794,application/json,0.38,9828e9c18cb0b6ad45610db880bc1e5e874ab179220da47e118ca0c9e07577ef,648f86533cc02f47dd5356f6b2c080cdde46c2b95e06722d84ba269fb0973619,200,2021-08-20T01:05:41.144005,,
6822,application/json,0.359,67092daa83605658e5292546e90b2154ccd0048664c99d508dc67e9b1d8b60db,8debd9d0fb041f6912bb12491e971e63c21e9d9e4c74fab13d16763b957d3513,200,2021-08-21T01:06:05.779804,,
36794,application/json,0.447,9828e9c18cb0b6ad45610db880bc1e5e874ab179220da47e118ca0c9e07577ef,648f86533cc02f47dd5356f6b2c080cdde46c2b95e06722d84ba269fb0973619,200,2021-08-21T01:06:05.779804,,
6822,application/json,0.364,67092daa83605658e5292546e90b2154ccd0048664c99d508dc67e9b1d8b60db,8debd9d0fb041f6912bb12491e971e63c21e9d9e4c74fab13d16763b957d3513,200,2021-08-22T01:06:45.879205,,
36794,application/json,0.327,9828e9c18cb0b6ad45610db880bc1e5e874ab179220da47e118ca0c9e07577ef,648f86533cc02f47dd5356f6b2c080cdde46c2b95e06722d84ba269fb0973619,200,2021-08-22T01:06:45.879205,,
6822,application/json,0.806,67092daa83605658e5292546e90b2154ccd0048664c99d508dc67e9b1d8b60db,8debd9d0fb041f6912bb12491e971e63c21e9d9e4c74fab13d16763b957d3513,200,2021-08-23T01:02:53.503666,,
36794,application/json,0.439,9828e9c18cb0b6ad45610db880bc1e5e874ab179220da47e118ca0c9e07577ef,648f86533cc02f47dd5356f6b2c080cdde46c2b95e06722d84ba269fb0973619,200,2021-08-23T01:02:53.503666,,
6822,application/json,0.475,67092daa83605658e5292546e90b2154ccd0048664c99d508dc67e9b1d8b60db,8debd9d0fb041f6912bb12491e971e63c21e9d9e4c74fab13d16763b957d3513,200,2021-08-24T01:05:50.101071,,
36794,application/json,0.361,9828e9c18cb0b6ad45610db880bc1e5e874ab179220da47e118ca0c9e07577ef,648f86533cc02f47dd5356f6b2c080cdde46c2b95e06722d84ba269fb0973619,200,2021-08-24T01:05:50.101071,,
6822,application/json,0.46,67092daa83605658e5292546e90b2154ccd0048664c99d508dc67e9b1d8b60db,8debd9d0fb041f6912bb12491e971e63c21e9d9e4c74fab13d16763b957d3513,200,2021-08-25T01:07:19.626201,,
36794,application/json,0.361,9828e9c18cb0b6ad45610db880bc1e5e874ab179220da47e118ca0c9e07577ef,648f86533cc02f47dd5356f6b2c080cdde46c2b95e06722d84ba269fb0973619,200,2021-08-25T01:07:19.626201,,
6822,application/json,0.425,67092daa83605658e5292546e90b2154ccd0048664c99d508dc67e9b1d8b60db,8debd9d0fb041f6912bb12491e971e63c21e9d9e4c74fab13d16763b957d3513,200,2021-08-26T01:04:35.898292,,
36794,application/json,0.416,9828e9c18cb0b6ad45610db880bc1e5e874ab179220da47e118ca0c9e07577ef,648f86533cc02f47dd5356f6b2c080cdde46c2b95e06722d84ba269fb0973619,200,2021-08-26T01:04:35.898292,,
6822,application/json,0.523,67092daa83605658e5292546e90b2154ccd0048664c99d508dc67e9b1d8b60db,8debd9d0fb041f6912bb12491e971e63c21e9d9e4c74fab13d16763b957d3513,200,2021-08-27T01:12:52.154772,,
36794,application/json,0.663,9828e9c18cb0b6ad45610db880bc1e5e874ab179220da47e118ca0c9e07577ef,648f86533cc02f47dd5356f6b2c080cdde46c2b95e06722d84ba269fb0973619,200,2021-08-27T01:12:52.154772,,
6822,application/json,0.385,67092daa83605658e5292546e90b2154ccd0048664c99d508dc67e9b1d8b60db,8debd9d0fb041f6912bb12491e971e63c21e9d9e4c74fab13d16763b957d3513,200,2021-08-28T01:03:59.146968,,
36794,application/json,0.388,9828e9c18cb0b6ad45610db880bc1e5e874ab179220da47e118ca0c9e07577ef,648f86533cc02f47dd5356f6b2c080cdde46c2b95e06722d84ba269fb0973619,200,2021-08-28T01:03:59.146968,,
6822,application/json,0.59,67092daa83605658e5292546e90b2154ccd0048664c99d508dc67e9b1d8b60db,8debd9d0fb041f6912bb12491e971e63c21e9d9e4c74fab13d16763b957d3513,200,2021-08-29T01:11:40.876636,,
36794,application/json,0.457,9828e9c18cb0b6ad45610db880bc1e5e874ab179220da47e118ca0c9e07577ef,648f86533cc02f47dd5356f6b2c080cdde46c2b95e06722d84ba269fb0973619,200,2021-08-29T01:11:40.876636,,
6822,application/json,0.597,67092daa83605658e5292546e90b2154ccd0048664c99d508dc67e9b1d8b60db,8debd9d0fb041f6912bb12491e971e63c21e9d9e4c74fab13d16763b957d3513,200,2021-08-30T01:09:51.721683,,
36794,application/json,0.485,9828e9c18cb0b6ad45610db880bc1e5e874ab179220da47e118ca0c9e07577ef,648f86533cc02f47dd5356f6b2c080cdde46c2b95e06722d84ba269fb0973619,200,2021-08-30T01:09:51.721683,,
6822,application/json,0.523,67092daa83605658e5292546e90b2154ccd0048664c99d508dc67e9b1d8b60db,8debd9d0fb041f6912bb12491e971e63c21e9d9e4c74fab13d16763b957d3513,200,2021-08-31T01:09:29.237830,,
36794,application/json,0.359,9828e9c18cb0b6ad45610db880bc1e5e874ab179220da47e118ca0c9e07577ef,648f86533cc02f47dd5356f6b2c080cdde46c2b95e06722d84ba269fb0973619,200,2021-08-31T01:09:29.237830,,
6822,application/json,0.496,67092daa83605658e5292546e90b2154ccd0048664c99d508dc67e9b1d8b60db,8debd9d0fb041f6912bb12491e971e63c21e9d9e4c74fab13d16763b957d3513,200,2021-09-01T01:15:33.529730,,
36794,application/json,0.347,9828e9c18cb0b6ad45610db880bc1e5e874ab179220da47e118ca0c9e07577ef,648f86533cc02f47dd5356f6b2c080cdde46c2b95e06722d84ba269fb0973619,200,2021-09-01T01:15:33.529730,,
6822,application/json,0.562,67092daa83605658e5292546e90b2154ccd0048664c99d508dc67e9b1d8b60db,8debd9d0fb041f6912bb12491e971e63c21e9d9e4c74fab13d16763b957d3513,200,2021-09-02T01:08:49.036560,,
36794,application/json,0.44,9828e9c18cb0b6ad45610db880bc1e5e874ab179220da47e118ca0c9e07577ef,648f86533cc02f47dd5356f6b2c080cdde46c2b95e06722d84ba269fb0973619,200,2021-09-02T01:08:49.036560,,
6822,application/json,0.397,67092daa83605658e5292546e90b2154ccd0048664c99d508dc67e9b1d8b60db,8debd9d0fb041f6912bb12491e971e63c21e9d9e4c74fab13d16763b957d3513,200,2021-09-03T01:09:12.809000,,
36794,application/json,0.384,9828e9c18cb0b6ad45610db880bc1e5e874ab179220da47e118ca0c9e07577ef,648f86533cc02f47dd5356f6b2c080cdde46c2b95e06722d84ba269fb0973619,200,2021-09-03T01:09:12.809000,,
6822,application/json,0.626,67092daa83605658e5292546e90b2154ccd0048664c99d508dc67e9b1d8b60db,8debd9d0fb041f6912bb12491e971e63c21e9d9e4c74fab13d16763b957d3513,200,2021-09-04T01:10:31.779677,,
36794,application/json,0.356,9828e9c18cb0b6ad45610db880bc1e5e874ab179220da47e118ca0c9e07577ef,648f86533cc02f47dd5356f6b2c080cdde46c2b95e06722d84ba269fb0973619,200,2021-09-04T01:10:31.779677,,
6822,application/json,0.387,67092daa83605658e5292546e90b2154ccd0048664c99d508dc67e9b1d8b60db,8debd9d0fb041f6912bb12491e971e63c21e9d9e4c74fab13d16763b957d3513,200,2021-09-05T01:12:33.127730,,
36794,application/json,0.319,9828e9c18cb0b6ad45610db880bc1e5e874ab179220da47e118ca0c9e07577ef,648f86533cc02f47dd5356f6b2c080cdde46c2b95e06722d84ba269fb0973619,200,2021-09-05T01:12:33.127730,,
6822,application/json,0.447,67092daa83605658e5292546e90b2154ccd0048664c99d508dc67e9b1d8b60db,8debd9d0fb041f6912bb12491e971e63c21e9d9e4c74fab13d16763b957d3513,200,2021-09-06T01:19:01.338348,,
36794,application/json,0.345,9828e9c18cb0b6ad45610db880bc1e5e874ab179220da47e118ca0c9e07577ef,648f86533cc02f47dd5356f6b2c080cdde46c2b95e06722d84ba269fb0973619,200,2021-09-06T01:19:01.338348,,
6822,application/json,0.394,67092daa83605658e5292546e90b2154ccd0048664c99d508dc67e9b1d8b60db,8debd9d0fb041f6912bb12491e971e63c21e9d9e4c74fab13d16763b957d3513,200,2021-09-07T01:07:19.858669,,
36794,application/json,0.373,9828e9c18cb0b6ad45610db880bc1e5e874ab179220da47e118ca0c9e07577ef,648f86533cc02f47dd5356f6b2c080cdde46c2b95e06722d84ba269fb0973619,200,2021-09-07T01:07:19.858669,,
6822,application/json,0.648,67092daa83605658e5292546e90b2154ccd0048664c99d508dc67e9b1d8b60db,8debd9d0fb041f6912bb12491e971e63c21e9d9e4c74fab13d16763b957d3513,200,2021-09-08T01:08:36.837086,,
36794,application/json,0.555,9828e9c18cb0b6ad45610db880bc1e5e874ab179220da47e118ca0c9e07577ef,648f86533cc02f47dd5356f6b2c080cdde46c2b95e06722d84ba269fb0973619,200,2021-09-08T01:08:36.837086,,
6822,application/json,0.391,67092daa83605658e5292546e90b2154ccd0048664c99d508dc67e9b1d8b60db,8debd9d0fb041f6912bb12491e971e63c21e9d9e4c74fab13d16763b957d3513,200,2021-09-09T01:14:43.257076,,
36794,application/json,0.338,9828e9c18cb0b6ad45610db880bc1e5e874ab179220da47e118ca0c9e07577ef,648f86533cc02f47dd5356f6b2c080cdde46c2b95e06722d84ba269fb0973619,200,2021-09-09T01:14:43.257076,,
6822,application/json,0.382,67092daa83605658e5292546e90b2154ccd0048664c99d508dc67e9b1d8b60db,8debd9d0fb041f6912bb12491e971e63c21e9d9e4c74fab13d16763b957d3513,200,2021-09-10T01:14:18.968656,,
36794,application/json,0.333,9828e9c18cb0b6ad45610db880bc1e5e874ab179220da47e118ca0c9e07577ef,648f86533cc02f47dd5356f6b2c080cdde46c2b95e06722d84ba269fb0973619,200,2021-09-10T01:14:18.968656,,
6822,application/json,0.424,67092daa83605658e5292546e90b2154ccd0048664c99d508dc67e9b1d8b60db,8debd9d0fb041f6912bb12491e971e63c21e9d9e4c74fab13d16763b957d3513,200,2021-09-11T01:08:46.984441,,
36794,application/json,0.397,9828e9c18cb0b6ad45610db880bc1e5e874ab179220da47e118ca0c9e07577ef,648f86533cc02f47dd5356f6b2c080cdde46c2b95e06722d84ba269fb0973619,200,2021-09-11T01:08:46.984441,,
6822,application/json,0.379,67092daa83605658e5292546e90b2154ccd0048664c99d508dc67e9b1d8b60db,8debd9d0fb041f6912bb12491e971e63c21e9d9e4c74fab13d16763b957d3513,200,2021-09-12T01:13:10.381136,,
36794,application/json,0.325,9828e9c18cb0b6ad45610db880bc1e5e874ab179220da47e118ca0c9e07577ef,648f86533cc02f47dd5356f6b2c080cdde46c2b95e06722d84ba269fb0973619,200,2021-09-12T01:13:10.381136,,
6822,application/json,0.617,67092daa83605658e5292546e90b2154ccd0048664c99d508dc67e9b1d8b60db,8debd9d0fb041f6912bb12491e971e63c21e9d9e4c74fab13d16763b957d3513,200,2021-09-13T01:13:20.427387,,
36794,application/json,0.539,9828e9c18cb0b6ad45610db880bc1e5e874ab179220da47e118ca0c9e07577ef,648f86533cc02f47dd5356f6b2c080cdde46c2b95e06722d84ba269fb0973619,200,2021-09-13T01:13:20.427387,,
6822,application/json,0.441,67092daa83605658e5292546e90b2154ccd0048664c99d508dc67e9b1d8b60db,8debd9d0fb041f6912bb12491e971e63c21e9d9e4c74fab13d16763b957d3513,200,2021-09-14T01:13:22.595295,,
36794,application/json,0.459,9828e9c18cb0b6ad45610db880bc1e5e874ab179220da47e118ca0c9e07577ef,648f86533cc02f47dd5356f6b2c080cdde46c2b95e06722d84ba269fb0973619,200,2021-09-14T01:13:22.595295,,
6822,application/json,0.398,67092daa83605658e5292546e90b2154ccd0048664c99d508dc67e9b1d8b60db,8debd9d0fb041f6912bb12491e971e63c21e9d9e4c74fab13d16763b957d3513,200,2021-09-15T01:10:24.536495,,
36794,application/json,0.43,9828e9c18cb0b6ad45610db880bc1e5e874ab179220da47e118ca0c9e07577ef,648f86533cc02f47dd5356f6b2c080cdde46c2b95e06722d84ba269fb0973619,200,2021-09-15T01:10:24.536495,,
6822,application/json,0.638,67092daa83605658e5292546e90b2154ccd0048664c99d508dc67e9b1d8b60db,8debd9d0fb041f6912bb12491e971e63c21e9d9e4c74fab13d16763b957d3513,200,2021-09-16T01:15:19.484808,,
36794,application/json,0.488,9828e9c18cb0b6ad45610db880bc1e5e874ab179220da47e118ca0c9e07577ef,648f86533cc02f47dd5356f6b2c080cdde46c2b95e06722d84ba269fb0973619,200,2021-09-16T01:15:19.484808,,
6822,application/json,0.469,67092daa83605658e5292546e90b2154ccd0048664c99d508dc67e9b1d8b60db,8debd9d0fb041f6912bb12491e971e63c21e9d9e4c74fab13d16763b957d3513,200,2021-09-17T01:18:32.873202,,
36794,application/json,0.395,9828e9c18cb0b6ad45610db880bc1e5e874ab179220da47e118ca0c9e07577ef,648f86533cc02f47dd5356f6b2c080cdde46c2b95e06722d84ba269fb0973619,200,2021-09-17T01:18:32.873202,,
6822,application/json,0.37,67092daa83605658e5292546e90b2154ccd0048664c99d508dc67e9b1d8b60db,8debd9d0fb041f6912bb12491e971e63c21e9d9e4c74fab13d16763b957d3513,200,2021-09-18T01:10:25.636433,,
36794,application/json,0.425,9828e9c18cb0b6ad45610db880bc1e5e874ab179220da47e118ca0c9e07577ef,648f86533cc02f47dd5356f6b2c080cdde46c2b95e06722d84ba269fb0973619,200,2021-09-18T01:10:25.636433,,
6822,application/json,0.357,67092daa83605658e5292546e90b2154ccd0048664c99d508dc67e9b1d8b60db,8debd9d0fb041f6912bb12491e971e63c21e9d9e4c74fab13d16763b957d3513,200,2021-09-19T01:12:09.279686,,
36794,application/json,0.325,9828e9c18cb0b6ad45610db880bc1e5e874ab179220da47e118ca0c9e07577ef,648f86533cc02f47dd5356f6b2c080cdde46c2b95e06722d84ba269fb0973619,200,2021-09-19T01:12:09.279686,,
6822,application/json,0.45,67092daa83605658e5292546e90b2154ccd0048664c99d508dc67e9b1d8b60db,8debd9d0fb041f6912bb12491e971e63c21e9d9e4c74fab13d16763b957d3513,200,2021-09-20T01:14:42.050209,,
36794,application/json,0.426,9828e9c18cb0b6ad45610db880bc1e5e874ab179220da47e118ca0c9e07577ef,648f86533cc02f47dd5356f6b2c080cdde46c2b95e06722d84ba269fb0973619,200,2021-09-20T01:14:42.050209,,
6822,application/json,0.665,67092daa83605658e5292546e90b2154ccd0048664c99d508dc67e9b1d8b60db,8debd9d0fb041f6912bb12491e971e63c21e9d9e4c74fab13d16763b957d3513,200,2021-09-21T01:12:31.398683,,
36794,application/json,0.406,9828e9c18cb0b6ad45610db880bc1e5e874ab179220da47e118ca0c9e07577ef,648f86533cc02f47dd5356f6b2c080cdde46c2b95e06722d84ba269fb0973619,200,2021-09-21T01:12:31.398683,,
6822,application/json,0.495,67092daa83605658e5292546e90b2154ccd0048664c99d508dc67e9b1d8b60db,8debd9d0fb041f6912bb12491e971e63c21e9d9e4c74fab13d16763b957d3513,200,2021-09-22T01:13:06.580918,,
36794,application/json,0.476,9828e9c18cb0b6ad45610db880bc1e5e874ab179220da47e118ca0c9e07577ef,648f86533cc02f47dd5356f6b2c080cdde46c2b95e06722d84ba269fb0973619,200,2021-09-22T01:13:06.580918,,
6822,application/json,0.412,67092daa83605658e5292546e90b2154ccd0048664c99d508dc67e9b1d8b60db,8debd9d0fb041f6912bb12491e971e63c21e9d9e4c74fab13d16763b957d3513,200,2021-09-23T01:17:29.680650,,
36794,application/json,0.524,9828e9c18cb0b6ad45610db880bc1e5e874ab179220da47e118ca0c9e07577ef,648f86533cc02f47dd5356f6b2c080cdde46c2b95e06722d84ba269fb0973619,200,2021-09-23T01:17:29.680650,,
6822,application/json,0.536,67092daa83605658e5292546e90b2154ccd0048664c99d508dc67e9b1d8b60db,8debd9d0fb041f6912bb12491e971e63c21e9d9e4c74fab13d16763b957d3513,200,2021-09-24T01:12:25.558393,,
36794,application/json,0.445,9828e9c18cb0b6ad45610db880bc1e5e874ab179220da47e118ca0c9e07577ef,648f86533cc02f47dd5356f6b2c080cdde46c2b95e06722d84ba269fb0973619,200,2021-09-24T01:12:25.558393,,
6822,application/json,0.624,67092daa83605658e5292546e90b2154ccd0048664c99d508dc67e9b1d8b60db,8debd9d0fb041f6912bb12491e971e63c21e9d9e4c74fab13d16763b957d3513,200,2021-09-25T01:10:06.982758,,
36794,application/json,0.546,9828e9c18cb0b6ad45610db880bc1e5e874ab179220da47e118ca0c9e07577ef,648f86533cc02f47dd5356f6b2c080cdde46c2b95e06722d84ba269fb0973619,200,2021-09-25T01:10:06.982758,,
6822,application/json,0.603,67092daa83605658e5292546e90b2154ccd0048664c99d508dc67e9b1d8b60db,8debd9d0fb041f6912bb12491e971e63c21e9d9e4c74fab13d16763b957d3513,200,2021-09-26T01:15:26.352929,,
36794,application/json,0.546,9828e9c18cb0b6ad45610db880bc1e5e874ab179220da47e118ca0c9e07577ef,648f86533cc02f47dd5356f6b2c080cdde46c2b95e06722d84ba269fb0973619,200,2021-09-26T01:15:26.352929,,
6822,application/json,0.47,67092daa83605658e5292546e90b2154ccd0048664c99d508dc67e9b1d8b60db,8debd9d0fb041f6912bb12491e971e63c21e9d9e4c74fab13d16763b957d3513,200,2021-09-27T01:11:24.713735,,
36794,application/json,0.339,9828e9c18cb0b6ad45610db880bc1e5e874ab179220da47e118ca0c9e07577ef,648f86533cc02f47dd5356f6b2c080cdde46c2b95e06722d84ba269fb0973619,200,2021-09-27T01:11:24.713735,,
6822,application/json,0.422,67092daa83605658e5292546e90b2154ccd0048664c99d508dc67e9b1d8b60db,8debd9d0fb041f6912bb12491e971e63c21e9d9e4c74fab13d16763b957d3513,200,2021-09-28T01:12:37.233704,,
36794,application/json,0.464,9828e9c18cb0b6ad45610db880bc1e5e874ab179220da47e118ca0c9e07577ef,648f86533cc02f47dd5356f6b2c080cdde46c2b95e06722d84ba269fb0973619,200,2021-09-28T01:12:37.233704,,
6822,application/json,0.456,67092daa83605658e5292546e90b2154ccd0048664c99d508dc67e9b1d8b60db,8debd9d0fb041f6912bb12491e971e63c21e9d9e4c74fab13d16763b957d3513,200,2021-09-29T01:08:56.240055,,
36794,application/json,0.426,9828e9c18cb0b6ad45610db880bc1e5e874ab179220da47e118ca0c9e07577ef,648f86533cc02f47dd5356f6b2c080cdde46c2b95e06722d84ba269fb0973619,200,2021-09-29T01:08:56.240055,,
6822,application/json,0.411,67092daa83605658e5292546e90b2154ccd0048664c99d508dc67e9b1d8b60db,8debd9d0fb041f6912bb12491e971e63c21e9d9e4c74fab13d16763b957d3513,200,2021-09-30T01:18:27.274266,,
36794,application/json,0.389,9828e9c18cb0b6ad45610db880bc1e5e874ab179220da47e118ca0c9e07577ef,648f86533cc02f47dd5356f6b2c080cdde46c2b95e06722d84ba269fb0973619,200,2021-09-30T01:18:27.274266,,
6822,application/json,0.396,67092daa83605658e5292546e90b2154ccd0048664c99d508dc67e9b1d8b60db,8debd9d0fb041f6912bb12491e971e63c21e9d9e4c74fab13d16763b957d3513,200,2021-10-01T01:16:48.568783,,
36794,application/json,0.356,9828e9c18cb0b6ad45610db880bc1e5e874ab179220da47e118ca0c9e07577ef,648f86533cc02f47dd5356f6b2c080cdde46c2b95e06722d84ba269fb0973619,200,2021-10-01T01:16:48.568783,,
6822,application/json,0.651,67092daa83605658e5292546e90b2154ccd0048664c99d508dc67e9b1d8b60db,8debd9d0fb041f6912bb12491e971e63c21e9d9e4c74fab13d16763b957d3513,200,2021-10-02T01:10:54.417891,,
36794,application/json,0.554,9828e9c18cb0b6ad45610db880bc1e5e874ab179220da47e118ca0c9e07577ef,648f86533cc02f47dd5356f6b2c080cdde46c2b95e06722d84ba269fb0973619,200,2021-10-02T01:10:54.417891,,
6822,application/json,0.586,67092daa83605658e5292546e90b2154ccd0048664c99d508dc67e9b1d8b60db,8debd9d0fb041f6912bb12491e971e63c21e9d9e4c74fab13d16763b957d3513,200,2021-10-03T01:18:22.398554,,
36794,application/json,0.453,9828e9c18cb0b6ad45610db880bc1e5e874ab179220da47e118ca0c9e07577ef,648f86533cc02f47dd5356f6b2c080cdde46c2b95e06722d84ba269fb0973619,200,2021-10-03T01:18:22.398554,,
6822,application/json,0.425,67092daa83605658e5292546e90b2154ccd0048664c99d508dc67e9b1d8b60db,8debd9d0fb041f6912bb12491e971e63c21e9d9e4c74fab13d16763b957d3513,200,2021-10-04T01:18:07.688481,,
36794,application/json,0.356,9828e9c18cb0b6ad45610db880bc1e5e874ab179220da47e118ca0c9e07577ef,648f86533cc02f47dd5356f6b2c080cdde46c2b95e06722d84ba269fb0973619,200,2021-10-04T01:18:07.688481,,
6822,application/json,0.365,67092daa83605658e5292546e90b2154ccd0048664c99d508dc67e9b1d8b60db,8debd9d0fb041f6912bb12491e971e63c21e9d9e4c74fab13d16763b957d3513,200,2021-10-05T01:12:35.926085,,
36794,application/json,0.385,9828e9c18cb0b6ad45610db880bc1e5e874ab179220da47e118ca0c9e07577ef,648f86533cc02f47dd5356f6b2c080cdde46c2b95e06722d84ba269fb0973619,200,2021-10-05T01:12:35.926085,,
6822,application/json,0.686,67092daa83605658e5292546e90b2154ccd0048664c99d508dc67e9b1d8b60db,8debd9d0fb041f6912bb12491e971e63c21e9d9e4c74fab13d16763b957d3513,200,2021-10-06T01:13:36.210591,,
36794,application/json,0.442,9828e9c18cb0b6ad45610db880bc1e5e874ab179220da47e118ca0c9e07577ef,648f86533cc02f47dd5356f6b2c080cdde46c2b95e06722d84ba269fb0973619,200,2021-10-06T01:13:36.210591,,
6822,application/json,0.809,67092daa83605658e5292546e90b2154ccd0048664c99d508dc67e9b1d8b60db,8debd9d0fb041f6912bb12491e971e63c21e9d9e4c74fab13d16763b957d3513,200,2021-10-07T01:15:02.296160,,
36794,application/json,0.506,9828e9c18cb0b6ad45610db880bc1e5e874ab179220da47e118ca0c9e07577ef,648f86533cc02f47dd5356f6b2c080cdde46c2b95e06722d84ba269fb0973619,200,2021-10-07T01:15:02.296160,,
6822,application/json,0.416,67092daa83605658e5292546e90b2154ccd0048664c99d508dc67e9b1d8b60db,8debd9d0fb041f6912bb12491e971e63c21e9d9e4c74fab13d16763b957d3513,200,2021-10-08T01:16:57.409286,,
36794,application/json,0.373,9828e9c18cb0b6ad45610db880bc1e5e874ab179220da47e118ca0c9e07577ef,648f86533cc02f47dd5356f6b2c080cdde46c2b95e06722d84ba269fb0973619,200,2021-10-08T01:16:57.409286,,
6822,application/json,0.445,67092daa83605658e5292546e90b2154ccd0048664c99d508dc67e9b1d8b60db,8debd9d0fb041f6912bb12491e971e63c21e9d9e4c74fab13d16763b957d3513,200,2021-10-09T01:09:18.384393,,
36794,application/json,0.298,9828e9c18cb0b6ad45610db880bc1e5e874ab179220da47e118ca0c9e07577ef,648f86533cc02f47dd5356f6b2c080cdde46c2b95e06722d84ba269fb0973619,200,2021-10-09T01:09:18.384393,,
6822,application/json,0.936,67092daa83605658e5292546e90b2154ccd0048664c99d508dc67e9b1d8b60db,8debd9d0fb041f6912bb12491e971e63c21e9d9e4c74fab13d16763b957d3513,200,2021-10-10T01:14:56.117844,,
36794,application/json,0.678,9828e9c18cb0b6ad45610db880bc1e5e874ab179220da47e118ca0c9e07577ef,648f86533cc02f47dd5356f6b2c080cdde46c2b95e06722d84ba269fb0973619,200,2021-10-10T01:14:56.117844,,
6822,application/json,0.406,67092daa83605658e5292546e90b2154ccd0048664c99d508dc67e9b1d8b60db,8debd9d0fb041f6912bb12491e971e63c21e9d9e4c74fab13d16763b957d3513,200,2021-10-11T01:15:10.951168,,
36794,application/json,0.388,9828e9c18cb0b6ad45610db880bc1e5e874ab179220da47e118ca0c9e07577ef,648f86533cc02f47dd5356f6b2c080cdde46c2b95e06722d84ba269fb0973619,200,2021-10-11T01:15:10.951168,,
6822,application/json,0.381,67092daa83605658e5292546e90b2154ccd0048664c99d508dc67e9b1d8b60db,8debd9d0fb041f6912bb12491e971e63c21e9d9e4c74fab13d16763b957d3513,200,2021-10-12T01:16:53.516196,,
36794,application/json,0.313,9828e9c18cb0b6ad45610db880bc1e5e874ab179220da47e118ca0c9e07577ef,648f86533cc02f47dd5356f6b2c080cdde46c2b95e06722d84ba269fb0973619,200,2021-10-12T01:16:53.516196,,
6822,application/json,0.715,67092daa83605658e5292546e90b2154ccd0048664c99d508dc67e9b1d8b60db,8debd9d0fb041f6912bb12491e971e63c21e9d9e4c74fab13d16763b957d3513,200,2021-10-13T01:15:40.743672,,
36794,application/json,0.451,9828e9c18cb0b6ad45610db880bc1e5e874ab179220da47e118ca0c9e07577ef,648f86533cc02f47dd5356f6b2c080cdde46c2b95e06722d84ba269fb0973619,200,2021-10-13T01:15:40.743672,,
6822,application/json,0.394,67092daa83605658e5292546e90b2154ccd0048664c99d508dc67e9b1d8b60db,8debd9d0fb041f6912bb12491e971e63c21e9d9e4c74fab13d16763b957d3513,200,2021-10-14T01:13:02.526505,,
36794,application/json,0.385,9828e9c18cb0b6ad45610db880bc1e5e874ab179220da47e118ca0c9e07577ef,648f86533cc02f47dd5356f6b2c080cdde46c2b95e06722d84ba269fb0973619,200,2021-10-14T01:13:02.526505,,
6822,application/json,0.536,67092daa83605658e5292546e90b2154ccd0048664c99d508dc67e9b1d8b60db,8debd9d0fb041f6912bb12491e971e63c21e9d9e4c74fab13d16763b957d3513,200,2021-10-15T01:16:53.252117,,
36794,application/json,0.469,9828e9c18cb0b6ad45610db880bc1e5e874ab179220da47e118ca0c9e07577ef,648f86533cc02f47dd5356f6b2c080cdde46c2b95e06722d84ba269fb0973619,200,2021-10-15T01:16:53.252117,,
6822,application/json,0.671,67092daa83605658e5292546e90b2154ccd0048664c99d508dc67e9b1d8b60db,8debd9d0fb041f6912bb12491e971e63c21e9d9e4c74fab13d16763b957d3513,200,2021-10-16T01:19:47.474856,,
36794,application/json,0.442,9828e9c18cb0b6ad45610db880bc1e5e874ab179220da47e118ca0c9e07577ef,648f86533cc02f47dd5356f6b2c080cdde46c2b95e06722d84ba269fb0973619,200,2021-10-16T01:19:47.474856,,
6822,application/json,0.378,67092daa83605658e5292546e90b2154ccd0048664c99d508dc67e9b1d8b60db,8debd9d0fb041f6912bb12491e971e63c21e9d9e4c74fab13d16763b957d3513,200,2021-10-17T01:13:55.331044,,
36794,application/json,0.39,9828e9c18cb0b6ad45610db880bc1e5e874ab179220da47e118ca0c9e07577ef,648f86533cc02f47dd5356f6b2c080cdde46c2b95e06722d84ba269fb0973619,200,2021-10-17T01:13:55.331044,,
6822,application/json,0.374,67092daa83605658e5292546e90b2154ccd0048664c99d508dc67e9b1d8b60db,8debd9d0fb041f6912bb12491e971e63c21e9d9e4c74fab13d16763b957d3513,200,2021-10-18T01:16:58.095520,,
36794,application/json,0.337,9828e9c18cb0b6ad45610db880bc1e5e874ab179220da47e118ca0c9e07577ef,648f86533cc02f47dd5356f6b2c080cdde46c2b95e06722d84ba269fb0973619,200,2021-10-18T01:16:58.095520,,
6822,application/json,0.464,67092daa83605658e5292546e90b2154ccd0048664c99d508dc67e9b1d8b60db,8debd9d0fb041f6912bb12491e971e63c21e9d9e4c74fab13d16763b957d3513,200,2021-10-19T01:17:01.138047,,
36794,application/json,0.347,9828e9c18cb0b6ad45610db880bc1e5e874ab179220da47e118ca0c9e07577ef,648f86533cc02f47dd5356f6b2c080cdde46c2b95e06722d84ba269fb0973619,200,2021-10-19T01:17:01.138047,,
6822,application/json,0.403,67092daa83605658e5292546e90b2154ccd0048664c99d508dc67e9b1d8b60db,8debd9d0fb041f6912bb12491e971e63c21e9d9e4c74fab13d16763b957d3513,200,2021-10-20T01:16:14.469064,,
36794,application/json,0.434,9828e9c18cb0b6ad45610db880bc1e5e874ab179220da47e118ca0c9e07577ef,648f86533cc02f47dd5356f6b2c080cdde46c2b95e06722d84ba269fb0973619,200,2021-10-20T01:16:14.469064,,
6822,application/json,0.666,67092daa83605658e5292546e90b2154ccd0048664c99d508dc67e9b1d8b60db,8debd9d0fb041f6912bb12491e971e63c21e9d9e4c74fab13d16763b957d3513,200,2021-10-21T01:21:55.422772,,
36794,application/json,0.495,9828e9c18cb0b6ad45610db880bc1e5e874ab179220da47e118ca0c9e07577ef,648f86533cc02f47dd5356f6b2c080cdde46c2b95e06722d84ba269fb0973619,200,2021-10-21T01:21:55.422772,,
6822,application/json,0.446,67092daa83605658e5292546e90b2154ccd0048664c99d508dc67e9b1d8b60db,8debd9d0fb041f6912bb12491e971e63c21e9d9e4c74fab13d16763b957d3513,200,2021-10-22T01:23:25.422071,,
36794,application/json,0.405,9828e9c18cb0b6ad45610db880bc1e5e874ab179220da47e118ca0c9e07577ef,648f86533cc02f47dd5356f6b2c080cdde46c2b95e06722d84ba269fb0973619,200,2021-10-22T01:23:25.422071,,
6822,application/json,0.386,67092daa83605658e5292546e90b2154ccd0048664c99d508dc67e9b1d8b60db,8debd9d0fb041f6912bb12491e971e63c21e9d9e4c74fab13d16763b957d3513,200,2021-10-23T01:17:16.582911,,
36794,application/json,0.39,9828e9c18cb0b6ad45610db880bc1e5e874ab179220da47e118ca0c9e07577ef,648f86533cc02f47dd5356f6b2c080cdde46c2b95e06722d84ba269fb0973619,200,2021-10-23T01:17:16.582911,,
6822,application/json,0.401,67092daa83605658e5292546e90b2154ccd0048664c99d508dc67e9b1d8b60db,8debd9d0fb041f6912bb12491e971e63c21e9d9e4c74fab13d16763b957d3513,200,2021-10-24T01:15:25.632345,,
36794,application/json,0.469,9828e9c18cb0b6ad45610db880bc1e5e874ab179220da47e118ca0c9e07577ef,648f86533cc02f47dd5356f6b2c080cdde46c2b95e06722d84ba269fb0973619,200,2021-10-24T01:15:25.632345,,
6822,application/json,0.371,67092daa83605658e5292546e90b2154ccd0048664c99d508dc67e9b1d8b60db,8debd9d0fb041f6912bb12491e971e63c21e9d9e4c74fab13d16763b957d3513,200,2021-10-25T01:15:17.012019,,
36794,application/json,0.419,9828e9c18cb0b6ad45610db880bc1e5e874ab179220da47e118ca0c9e07577ef,648f86533cc02f47dd5356f6b2c080cdde46c2b95e06722d84ba269fb0973619,200,2021-10-25T01:15:17.012019,,
6822,application/json,0.507,67092daa83605658e5292546e90b2154ccd0048664c99d508dc67e9b1d8b60db,8debd9d0fb041f6912bb12491e971e63c21e9d9e4c74fab13d16763b957d3513,200,2021-10-26T01:10:23.579097,,
36794,application/json,0.336,9828e9c18cb0b6ad45610db880bc1e5e874ab179220da47e118ca0c9e07577ef,648f86533cc02f47dd5356f6b2c080cdde46c2b95e06722d84ba269fb0973619,200,2021-10-26T01:10:23.579097,,
6822,application/json,0.392,67092daa83605658e5292546e90b2154ccd0048664c99d508dc67e9b1d8b60db,8debd9d0fb041f6912bb12491e971e63c21e9d9e4c74fab13d16763b957d3513,200,2021-10-27T01:09:45.671047,,
36794,application/json,0.325,9828e9c18cb0b6ad45610db880bc1e5e874ab179220da47e118ca0c9e07577ef,648f86533cc02f47dd5356f6b2c080cdde46c2b95e06722d84ba269fb0973619,200,2021-10-27T01:09:45.671047,,
6822,application/json,0.394,67092daa83605658e5292546e90b2154ccd0048664c99d508dc67e9b1d8b60db,8debd9d0fb041f6912bb12491e971e63c21e9d9e4c74fab13d16763b957d3513,200,2021-10-28T01:10:44.322554,,
36794,application/json,3.359,9828e9c18cb0b6ad45610db880bc1e5e874ab179220da47e118ca0c9e07577ef,648f86533cc02f47dd5356f6b2c080cdde46c2b95e06722d84ba269fb0973619,200,2021-10-28T01:10:44.322554,,
6822,application/json,0.426,67092daa83605658e5292546e90b2154ccd0048664c99d508dc67e9b1d8b60db,8debd9d0fb041f6912bb12491e971e63c21e9d9e4c74fab13d16763b957d3513,200,2021-10-29T01:09:01.335243,,
36794,application/json,0.402,9828e9c18cb0b6ad45610db880bc1e5e874ab179220da47e118ca0c9e07577ef,648f86533cc02f47dd5356f6b2c080cdde46c2b95e06722d84ba269fb0973619,200,2021-10-29T01:09:01.335243,,
6822,application/json,0.409,67092daa83605658e5292546e90b2154ccd0048664c99d508dc67e9b1d8b60db,8debd9d0fb041f6912bb12491e971e63c21e9d9e4c74fab13d16763b957d3513,200,2021-10-30T01:08:48.729776,,
36794,application/json,0.399,9828e9c18cb0b6ad45610db880bc1e5e874ab179220da47e118ca0c9e07577ef,648f86533cc02f47dd5356f6b2c080cdde46c2b95e06722d84ba269fb0973619,200,2021-10-30T01:08:48.729776,,
6822,application/json,0.592,67092daa83605658e5292546e90b2154ccd0048664c99d508dc67e9b1d8b60db,8debd9d0fb041f6912bb12491e971e63c21e9d9e4c74fab13d16763b957d3513,200,2021-10-31T01:14:41.050152,,
36794,application/json,0.457,9828e9c18cb0b6ad45610db880bc1e5e874ab179220da47e118ca0c9e07577ef,648f86533cc02f47dd5356f6b2c080cdde46c2b95e06722d84ba269fb0973619,200,2021-10-31T01:14:41.050152,,
6822,application/json,0.732,67092daa83605658e5292546e90b2154ccd0048664c99d508dc67e9b1d8b60db,8debd9d0fb041f6912bb12491e971e63c21e9d9e4c74fab13d16763b957d3513,200,2021-11-01T01:14:27.628665,,
36794,application/json,0.411,9828e9c18cb0b6ad45610db880bc1e5e874ab179220da47e118ca0c9e07577ef,648f86533cc02f47dd5356f6b2c080cdde46c2b95e06722d84ba269fb0973619,200,2021-11-01T01:14:27.628665,,
6822,application/json,0.356,67092daa83605658e5292546e90b2154ccd0048664c99d508dc67e9b1d8b60db,8debd9d0fb041f6912bb12491e971e63c21e9d9e4c74fab13d16763b957d3513,200,2021-11-02T01:15:07.605939,,
36794,application/json,0.663,9828e9c18cb0b6ad45610db880bc1e5e874ab179220da47e118ca0c9e07577ef,648f86533cc02f47dd5356f6b2c080cdde46c2b95e06722d84ba269fb0973619,200,2021-11-02T01:15:07.605939,,
6822,application/json,0.439,67092daa83605658e5292546e90b2154ccd0048664c99d508dc67e9b1d8b60db,8debd9d0fb041f6912bb12491e971e63c21e9d9e4c74fab13d16763b957d3513,200,2021-11-03T01:10:56.266470,,
36794,application/json,0.347,9828e9c18cb0b6ad45610db880bc1e5e874ab179220da47e118ca0c9e07577ef,648f86533cc02f47dd5356f6b2c080cdde46c2b95e06722d84ba269fb0973619,200,2021-11-03T01:10:56.266470,,
6822,application/json,0.437,67092daa83605658e5292546e90b2154ccd0048664c99d508dc67e9b1d8b60db,8debd9d0fb041f6912bb12491e971e63c21e9d9e4c74fab13d16763b957d3513,200,2021-11-04T01:11:21.504210,,
36794,application/json,0.285,9828e9c18cb0b6ad45610db880bc1e5e874ab179220da47e118ca0c9e07577ef,648f86533cc02f47dd5356f6b2c080cdde46c2b95e06722d84ba269fb0973619,200,2021-11-04T01:11:21.504210,,
6822,application/json,0.439,67092daa83605658e5292546e90b2154ccd0048664c99d508dc67e9b1d8b60db,8debd9d0fb041f6912bb12491e971e63c21e9d9e4c74fab13d16763b957d3513,200,2021-11-05T01:11:45.303289,,
36794,application/json,0.367,9828e9c18cb0b6ad45610db880bc1e5e874ab179220da47e118ca0c9e07577ef,648f86533cc02f47dd5356f6b2c080cdde46c2b95e06722d84ba269fb0973619,200,2021-11-05T01:11:45.303289,,
6822,application/json,0.402,67092daa83605658e5292546e90b2154ccd0048664c99d508dc67e9b1d8b60db,8debd9d0fb041f6912bb12491e971e63c21e9d9e4c74fab13d16763b957d3513,200,2021-11-06T01:08:58.736177,,
36794,application/json,0.317,9828e9c18cb0b6ad45610db880bc1e5e874ab179220da47e118ca0c9e07577ef,648f86533cc02f47dd5356f6b2c080cdde46c2b95e06722d84ba269fb0973619,200,2021-11-06T01:08:58.736177,,
6822,application/json,0.543,67092daa83605658e5292546e90b2154ccd0048664c99d508dc67e9b1d8b60db,8debd9d0fb041f6912bb12491e971e63c21e9d9e4c74fab13d16763b957d3513,200,2021-11-07T01:14:26.341199,,
36794,application/json,0.344,9828e9c18cb0b6ad45610db880bc1e5e874ab179220da47e118ca0c9e07577ef,648f86533cc02f47dd5356f6b2c080cdde46c2b95e06722d84ba269fb0973619,200,2021-11-07T01:14:26.341199,,
6822,application/json,0.434,67092daa83605658e5292546e90b2154ccd0048664c99d508dc67e9b1d8b60db,8debd9d0fb041f6912bb12491e971e63c21e9d9e4c74fab13d16763b957d3513,200,2021-11-08T01:12:09.225529,,
36794,application/json,0.316,9828e9c18cb0b6ad45610db880bc1e5e874ab179220da47e118ca0c9e07577ef,648f86533cc02f47dd5356f6b2c080cdde46c2b95e06722d84ba269fb0973619,200,2021-11-08T01:12:09.225529,,
6822,application/json,0.466,67092daa83605658e5292546e90b2154ccd0048664c99d508dc67e9b1d8b60db,8debd9d0fb041f6912bb12491e971e63c21e9d9e4c74fab13d16763b957d3513,200,2021-11-09T01:11:43.723337,,
36794,application/json,0.292,9828e9c18cb0b6ad45610db880bc1e5e874ab179220da47e118ca0c9e07577ef,648f86533cc02f47dd5356f6b2c080cdde46c2b95e06722d84ba269fb0973619,200,2021-11-09T01:11:43.723337,,
6822,application/json,0.412,67092daa83605658e5292546e90b2154ccd0048664c99d508dc67e9b1d8b60db,8debd9d0fb041f6912bb12491e971e63c21e9d9e4c74fab13d16763b957d3513,200,2021-11-10T01:11:33.225108,,
36794,application/json,0.307,9828e9c18cb0b6ad45610db880bc1e5e874ab179220da47e118ca0c9e07577ef,648f86533cc02f47dd5356f6b2c080cdde46c2b95e06722d84ba269fb0973619,200,2021-11-10T01:11:33.225108,,
6822,application/json,0.457,67092daa83605658e5292546e90b2154ccd0048664c99d508dc67e9b1d8b60db,8debd9d0fb041f6912bb12491e971e63c21e9d9e4c74fab13d16763b957d3513,200,2021-11-11T01:12:42.466059,,
36794,application/json,0.479,9828e9c18cb0b6ad45610db880bc1e5e874ab179220da47e118ca0c9e07577ef,648f86533cc02f47dd5356f6b2c080cdde46c2b95e06722d84ba269fb0973619,200,2021-11-11T01:12:42.466059,,
6822,application/json,0.435,67092daa83605658e5292546e90b2154ccd0048664c99d508dc67e9b1d8b60db,8debd9d0fb041f6912bb12491e971e63c21e9d9e4c74fab13d16763b957d3513,200,2021-11-12T01:12:51.475413,,
36794,application/json,0.348,9828e9c18cb0b6ad45610db880bc1e5e874ab179220da47e118ca0c9e07577ef,648f86533cc02f47dd5356f6b2c080cdde46c2b95e06722d84ba269fb0973619,200,2021-11-12T01:12:51.475413,,
6822,application/json,0.651,67092daa83605658e5292546e90b2154ccd0048664c99d508dc67e9b1d8b60db,8debd9d0fb041f6912bb12491e971e63c21e9d9e4c74fab13d16763b957d3513,200,2021-11-13T01:10:29.259004,,
36794,application/json,0.537,9828e9c18cb0b6ad45610db880bc1e5e874ab179220da47e118ca0c9e07577ef,648f86533cc02f47dd5356f6b2c080cdde46c2b95e06722d84ba269fb0973619,200,2021-11-13T01:10:29.259004,,
6822,application/json,0.458,67092daa83605658e5292546e90b2154ccd0048664c99d508dc67e9b1d8b60db,8debd9d0fb041f6912bb12491e971e63c21e9d9e4c74fab13d16763b957d3513,200,2021-11-14T01:14:37.139675,,
36794,application/json,0.379,9828e9c18cb0b6ad45610db880bc1e5e874ab179220da47e118ca0c9e07577ef,648f86533cc02f47dd5356f6b2c080cdde46c2b95e06722d84ba269fb0973619,200,2021-11-14T01:14:37.139675,,
6822,application/json,0.614,67092daa83605658e5292546e90b2154ccd0048664c99d508dc67e9b1d8b60db,8debd9d0fb041f6912bb12491e971e63c21e9d9e4c74fab13d16763b957d3513,200,2021-11-15T01:11:53.271123,,
36794,application/json,0.52,9828e9c18cb0b6ad45610db880bc1e5e874ab179220da47e118ca0c9e07577ef,648f86533cc02f47dd5356f6b2c080cdde46c2b95e06722d84ba269fb0973619,200,2021-11-15T01:11:53.271123,,
6822,application/json,0.44,67092daa83605658e5292546e90b2154ccd0048664c99d508dc67e9b1d8b60db,8debd9d0fb041f6912bb12491e971e63c21e9d9e4c74fab13d16763b957d3513,200,2021-11-16T01:12:04.135206,,
36794,application/json,0.435,9828e9c18cb0b6ad45610db880bc1e5e874ab179220da47e118ca0c9e07577ef,648f86533cc02f47dd5356f6b2c080cdde46c2b95e06722d84ba269fb0973619,200,2021-11-16T01:12:04.135206,,
6822,application/json,0.391,67092daa83605658e5292546e90b2154ccd0048664c99d508dc67e9b1d8b60db,8debd9d0fb041f6912bb12491e971e63c21e9d9e4c74fab13d16763b957d3513,200,2021-11-17T01:11:31.016273,,
36794,application/json,0.372,9828e9c18cb0b6ad45610db880bc1e5e874ab179220da47e118ca0c9e07577ef,648f86533cc02f47dd5356f6b2c080cdde46c2b95e06722d84ba269fb0973619,200,2021-11-17T01:11:31.016273,,
6822,application/json,0.452,67092daa83605658e5292546e90b2154ccd0048664c99d508dc67e9b1d8b60db,8debd9d0fb041f6912bb12491e971e63c21e9d9e4c74fab13d16763b957d3513,200,2021-11-18T01:12:05.788089,,
36794,application/json,0.397,9828e9c18cb0b6ad45610db880bc1e5e874ab179220da47e118ca0c9e07577ef,648f86533cc02f47dd5356f6b2c080cdde46c2b95e06722d84ba269fb0973619,200,2021-11-18T01:12:05.788089,,
6822,application/json,0.753,67092daa83605658e5292546e90b2154ccd0048664c99d508dc67e9b1d8b60db,8debd9d0fb041f6912bb12491e971e63c21e9d9e4c74fab13d16763b957d3513,200,2021-11-19T01:12:02.716661,,
36794,application/json,0.489,9828e9c18cb0b6ad45610db880bc1e5e874ab179220da47e118ca0c9e07577ef,648f86533cc02f47dd5356f6b2c080cdde46c2b95e06722d84ba269fb0973619,200,2021-11-19T01:12:02.716661,,
6822,application/json,0.401,67092daa83605658e5292546e90b2154ccd0048664c99d508dc67e9b1d8b60db,8debd9d0fb041f6912bb12491e971e63c21e9d9e4c74fab13d16763b957d3513,200,2021-11-20T01:10:47.604059,,
36794,application/json,0.419,9828e9c18cb0b6ad45610db880bc1e5e874ab179220da47e118ca0c9e07577ef,648f86533cc02f47dd5356f6b2c080cdde46c2b95e06722d84ba269fb0973619,200,2021-11-20T01:10:47.604059,,
6822,application/json,0.707,67092daa83605658e5292546e90b2154ccd0048664c99d508dc67e9b1d8b60db,8debd9d0fb041f6912bb12491e971e63c21e9d9e4c74fab13d16763b957d3513,200,2021-11-21T01:15:18.181645,,
36794,application/json,0.616,9828e9c18cb0b6ad45610db880bc1e5e874ab179220da47e118ca0c9e07577ef,648f86533cc02f47dd5356f6b2c080cdde46c2b95e06722d84ba269fb0973619,200,2021-11-21T01:15:18.181645,,
6822,application/json,0.593,67092daa83605658e5292546e90b2154ccd0048664c99d508dc67e9b1d8b60db,8debd9d0fb041f6912bb12491e971e63c21e9d9e4c74fab13d16763b957d3513,200,2021-11-22T01:13:35.009479,,
36794,application/json,0.459,9828e9c18cb0b6ad45610db880bc1e5e874ab179220da47e118ca0c9e07577ef,648f86533cc02f47dd5356f6b2c080cdde46c2b95e06722d84ba269fb0973619,200,2021-11-22T01:13:35.009479,,
6822,application/json,0.524,67092daa83605658e5292546e90b2154ccd0048664c99d508dc67e9b1d8b60db,8debd9d0fb041f6912bb12491e971e63c21e9d9e4c74fab13d16763b957d3513,200,2021-11-23T01:11:41.208368,,
36794,application/json,0.36,9828e9c18cb0b6ad45610db880bc1e5e874ab179220da47e118ca0c9e07577ef,648f86533cc02f47dd5356f6b2c080cdde46c2b95e06722d84ba269fb0973619,200,2021-11-23T01:11:41.208368,,
6822,application/json,0.532,67092daa83605658e5292546e90b2154ccd0048664c99d508dc67e9b1d8b60db,8debd9d0fb041f6912bb12491e971e63c21e9d9e4c74fab13d16763b957d3513,200,2021-11-24T01:11:12.734656,,
36794,application/json,0.333,9828e9c18cb0b6ad45610db880bc1e5e874ab179220da47e118ca0c9e07577ef,648f86533cc02f47dd5356f6b2c080cdde46c2b95e06722d84ba269fb0973619,200,2021-11-24T01:11:12.734656,,
6822,application/json,0.453,67092daa83605658e5292546e90b2154ccd0048664c99d508dc67e9b1d8b60db,8debd9d0fb041f6912bb12491e971e63c21e9d9e4c74fab13d16763b957d3513,200,2021-11-25T01:13:02.917301,,
36794,application/json,0.382,9828e9c18cb0b6ad45610db880bc1e5e874ab179220da47e118ca0c9e07577ef,648f86533cc02f47dd5356f6b2c080cdde46c2b95e06722d84ba269fb0973619,200,2021-11-25T01:13:02.917301,,
6822,application/json,0.453,67092daa83605658e5292546e90b2154ccd0048664c99d508dc67e9b1d8b60db,8debd9d0fb041f6912bb12491e971e63c21e9d9e4c74fab13d16763b957d3513,200,2021-11-26T01:10:44.927476,,
36794,application/json,0.349,9828e9c18cb0b6ad45610db880bc1e5e874ab179220da47e118ca0c9e07577ef,648f86533cc02f47dd5356f6b2c080cdde46c2b95e06722d84ba269fb0973619,200,2021-11-26T01:10:44.927476,,
6822,application/json,0.626,67092daa83605658e5292546e90b2154ccd0048664c99d508dc67e9b1d8b60db,8debd9d0fb041f6912bb12491e971e63c21e9d9e4c74fab13d16763b957d3513,200,2021-11-27T01:10:19.061159,,
36794,application/json,0.488,9828e9c18cb0b6ad45610db880bc1e5e874ab179220da47e118ca0c9e07577ef,648f86533cc02f47dd5356f6b2c080cdde46c2b95e06722d84ba269fb0973619,200,2021-11-27T01:10:19.061159,,
6822,application/json,0.413,67092daa83605658e5292546e90b2154ccd0048664c99d508dc67e9b1d8b60db,8debd9d0fb041f6912bb12491e971e63c21e9d9e4c74fab13d16763b957d3513,200,2021-11-28T01:13:34.702141,,
36794,application/json,0.344,9828e9c18cb0b6ad45610db880bc1e5e874ab179220da47e118ca0c9e07577ef,648f86533cc02f47dd5356f6b2c080cdde46c2b95e06722d84ba269fb0973619,200,2021-11-28T01:13:34.702141,,
6822,application/json,0.387,67092daa83605658e5292546e90b2154ccd0048664c99d508dc67e9b1d8b60db,8debd9d0fb041f6912bb12491e971e63c21e9d9e4c74fab13d16763b957d3513,200,2021-11-29T01:12:29.703718,,
36794,application/json,0.351,9828e9c18cb0b6ad45610db880bc1e5e874ab179220da47e118ca0c9e07577ef,648f86533cc02f47dd5356f6b2c080cdde46c2b95e06722d84ba269fb0973619,200,2021-11-29T01:12:29.703718,,
6822,application/json,0.38,67092daa83605658e5292546e90b2154ccd0048664c99d508dc67e9b1d8b60db,8debd9d0fb041f6912bb12491e971e63c21e9d9e4c74fab13d16763b957d3513,200,2021-11-30T01:10:44.688655,,
36794,application/json,0.305,9828e9c18cb0b6ad45610db880bc1e5e874ab179220da47e118ca0c9e07577ef,648f86533cc02f47dd5356f6b2c080cdde46c2b95e06722d84ba269fb0973619,200,2021-11-30T01:10:44.688655,,
6822,application/json,0.285,67092daa83605658e5292546e90b2154ccd0048664c99d508dc67e9b1d8b60db,8debd9d0fb041f6912bb12491e971e63c21e9d9e4c74fab13d16763b957d3513,200,2021-12-01T01:17:07.376616,,
36794,application/json,0.374,9828e9c18cb0b6ad45610db880bc1e5e874ab179220da47e118ca0c9e07577ef,648f86533cc02f47dd5356f6b2c080cdde46c2b95e06722d84ba269fb0973619,200,2021-12-01T01:17:07.376616,,
6822,application/json,0.416,67092daa83605658e5292546e90b2154ccd0048664c99d508dc67e9b1d8b60db,8debd9d0fb041f6912bb12491e971e63c21e9d9e4c74fab13d16763b957d3513,200,2021-12-02T01:13:09.197864,,
36794,application/json,0.521,9828e9c18cb0b6ad45610db880bc1e5e874ab179220da47e118ca0c9e07577ef,648f86533cc02f47dd5356f6b2c080cdde46c2b95e06722d84ba269fb0973619,200,2021-12-02T01:13:09.197864,,
6822,application/json,0.565,67092daa83605658e5292546e90b2154ccd0048664c99d508dc67e9b1d8b60db,8debd9d0fb041f6912bb12491e971e63c21e9d9e4c74fab13d16763b957d3513,200,2021-12-03T01:12:45.207488,,
36794,application/json,0.392,9828e9c18cb0b6ad45610db880bc1e5e874ab179220da47e118ca0c9e07577ef,648f86533cc02f47dd5356f6b2c080cdde46c2b95e06722d84ba269fb0973619,200,2021-12-03T01:12:45.207488,,
